itemid,itemse,itemex,itemde,itemun,itemnm,itemag,itemda,itemwk,itemgr
"DDp_Nox   ","x"," ",   -999.000    ,"(mg/m2/y)           ","Dry deposition of oxidised N                      ","volume    ","volume    "," ","                              "
"DDp_Nred  ","x"," ",   -999.000    ,"(mg/m2/y)           ","Dry deposition of reduced  N                      ","volume    ","volume    "," ","                              "
"WDp_Nox   ","x"," ",   -999.000    ,"(mg/m2/y)           ","Wet deposition of oxidised N                      ","volume    ","volume    "," ","                              "
"WDp_Nred  ","x"," ",   -999.000    ,"(mg/m2/y)           ","Wet deposition of reduced  N                      ","volume    ","volume    "," ","                              "
"WDp_Rain  ","x"," ",   -999.000    ,"(mm/y)              ","Wet deposition, rainfall                          ","volume    ","volume    "," ","                              "
"ScalDum   ","x"," ",    1.00000    ,"(-)                 ","Scale factor for dry deposition (for backw.comp.) ","volume    ","volume    "," ","                              "
"EF_DDp    ","x"," ",    0.00000    ,"(g/m2/d)            ","dry deposition rate                               ","volume    ","volume    "," ","                              "
"EF_WDp    ","x"," ",    0.00000    ,"(g/m3)              ","wet deposition rate                               ","volume    ","volume    "," ","                              "
"NDepTot   ","x"," ",   -999.000    ,"(g/m2/d)            ","total deposition from input                       ","volume    ","volume    "," ","                              "
"pho_tot   ","x"," ",   -999.000    ,"(g/m2)              ","Global P dist map total P                         ","volume    ","volume    "," ","                              "
"pho_lab   ","x"," ",   -999.000    ,"(g/m2)              ","Global P dist map labile inorganic P              ","volume    ","volume    "," ","                              "
"PDatThick ","x"," ",   0.500000    ,"(m)                 ","Global P dist map layer thickness                 ","volume    ","volume    "," ","                              "
"SoilPoros ","x"," ",   0.400000    ,"(-)                 ","soil porosity                                     ","volume    ","volume    "," ","                              "
"RhoDM     ","x"," ",    2500.00    ,"(kg/m3)             ","soil dry matter density                           ","volume    ","volume    "," ","                              "
"QTopSoil  ","x"," ",   -999.000    ,"(mg/kg)             ","concentration of top soil                         ","volume    ","volume    "," ","                              "
"FracPass  ","x"," ",    0.00000    ,"(-)                 ","fraction to be allocated to passive pool          ","volume    ","volume    "," ","                              "
"nit_layer1","x"," ",   -999.000    ,"(cg/kg)             ","SoilGrids N content 0-5cm                         ","volume    ","volume    "," ","                              "
"nit_layer2","x"," ",   -999.000    ,"(cg/kg)             ","SoilGrids N content 5-15cm                        ","volume    ","volume    "," ","                              "
"nit_layer3","x"," ",    0.00000    ,"(cg/kg)             ","SoilGrids N content 15-30cm                       ","volume    ","volume    "," ","                              "
"fac_layer1","x"," ",   0.500000    ,"(-)                 ","Factor for data     0-5cm                         ","volume    ","volume    "," ","                              "
"fac_layer2","x"," ",   0.500000    ,"(-)                 ","Factor for data     5-15cm                        ","volume    ","volume    "," ","                              "
"fac_layer3","x"," ",    0.00000    ,"(-)                 ","Factor for data     15-30cm                       ","volume    ","volume    "," ","                              "
"DELT      ","x"," ",   -999.000    ,"(d)                 ","timestep for processes                            ","volume    ","volume    "," ","                              "
"fUnpaved  ","x"," ",   -999.000    ,"(-)                 ","fraction unpaved                                  ","volume    ","volume    "," ","                              "
"SoilThick ","x"," ",    1000.00    ,"(mm)                ","soil thickness                                    ","volume    ","volume    "," ","                              "
"TotArea   ","x"," ",   -999.000    ,"(m2)                ","total surface area                                ","volume    ","volume    "," ","                              "
"Soi       ","x"," ",   -999.000    ,"(g)                 ","mass                                              ","volume    ","volume    ","x","DummyGroup                    "
"SoilPass  ","x"," ",    0.00000    ,"(g)                 ","mass in passive soil pool                         ","volume    ","volume    ","x","DummyGroup                    "
"QSoiTot   ","x"," ",   -999.000    ,"(mg/kg)             ","quality of Unp (relative to solid phase)          ","volume    ","volume    "," ","                              "
"dInitSoi  ","x"," ",   -999.000    ,"(g/d)               ","release to receptor                               ","volume    ","volume    "," ","                              "
"dInitSoiP ","x"," ",   -999.000    ,"(g/d)               ","release to receptor                               ","volume    ","volume    "," ","                              "
"DecPav20  ","x"," ",   -999.000    ,"(1/d)               ","decay rate paved at ref temp                      ","volume    ","volume    "," ","                              "
"DecUnp20  ","x"," ",   -999.000    ,"(1/d)               ","decay rate unpaved at ref temp                    ","volume    ","volume    "," ","                              "
"DecSoi20  ","x"," ",    0.00000    ,"(1/d)               ","decay rate soils at ref temp                      ","volume    ","volume    "," ","                              "
"KdUnpa20  ","x"," ",   -999.000    ,"(-)                 ","fraction of bound vs unbound at ref temp          ","volume    ","volume    "," ","                              "
"KdSoi20   ","x"," ",   -999.000    ,"(-)                 ","fraction of bound vs unbound at ref temp          ","volume    ","volume    "," ","                              "
"DecPavThet","x"," ",    1.07000    ,"(-)                 ","temp. dependency constant for decay rate paved    ","volume    ","volume    "," ","                              "
"DecUnpThet","x"," ",    1.07000    ,"(-)                 ","temp. dependency constant for decay rate unpaved  ","volume    ","volume    "," ","                              "
"DecSoiThet","x"," ",    1.03000    ,"(-)                 ","temp. dependency constant for decay rate soils    ","volume    ","volume    "," ","                              "
"KdUnpaThet","x"," ",    1.07000    ,"(-)                 ","temp. dependency constant for fraction bound      ","volume    ","volume    "," ","                              "
"KdSoiThet ","x"," ",    1.03000    ,"(-)                 ","temp. dependency constant for fraction bound      ","volume    ","volume    "," ","                              "
"Tempair   ","x"," ",    20.0000    ,"(degC)              ","Air temperature                                   ","volume    ","volume    "," ","                              "
"DecPav    ","x"," ",    0.00000    ,"(1/d)               ","decay rate paved                                  ","volume    ","volume    "," ","                              "
"DecUnp    ","x"," ",    0.00000    ,"(1/d)               ","decay rate unpaved                                ","volume    ","volume    "," ","                              "
"DecSoi    ","x"," ",    0.00000    ,"(1/d)               ","decay rate soils                                  ","volume    ","volume    "," ","                              "
"KdUnpa    ","x"," ",    1.00000    ,"(-)                 ","fraction of bound vs unbound                      ","volume    ","volume    "," ","                              "
"KdSoi     ","x"," ",    1.00000    ,"(-)                 ","fraction of bound vs unbound                      ","volume    ","volume    "," ","                              "
"SoilOM    ","x"," ",   0.500000E-01,"(-)                 ","soil organic matter fraction                      ","volume    ","volume    "," ","                              "
"SoilKd    ","x"," ",   -999.000    ,"(m3/kgDM)           ","partition coefficient                             ","volume    ","volume    "," ","                              "
"SoilKoc   ","x"," ",   -999.000    ,"(log(l/kgOC))       ","soil organic carbon part coeff                    ","volume    ","volume    "," ","                              "
"nsrca     ","x"," ",    1.00000    ,"(-)                 ","nr of sources of type A                           ","volume    ","volume    "," ","                              "
"nsrcb     ","x"," ",    12.0000    ,"(-)                 ","nr of sources of type B                           ","volume    ","volume    "," ","                              "
"nreceptor ","x"," ",    7.00000    ,"(-)                 ","nr of receptors                                   ","volume    ","volume    "," ","                              "
"ITIME     ","x"," ",   -999.000    ,"(s)                 ","actual time in simulation                         ","volume    ","volume    "," ","                              "
"fPaved    ","x"," ",   -999.000    ,"(-)                 ","fraction paved                                    ","volume    ","volume    "," ","                              "
"fOpenWater","x"," ",   -999.000    ,"(-)                 ","fraction open water                               ","volume    ","volume    "," ","                              "
"Rainfall  ","x"," ",   -999.000    ,"(m3/s)              ","rainfall                                          ","volume    ","volume    "," ","                              "
"RunoffPav ","x"," ",   -999.000    ,"(m3/s)              ","runoff from paved surfaces                        ","volume    ","volume    "," ","                              "
"RunoffUnp ","x"," ",   -999.000    ,"(m3/s)              ","runoff from unpaved surfaces                      ","volume    ","volume    "," ","                              "
"Infiltr   ","x"," ",   -999.000    ,"(m3/s)              ","infiltration                                      ","volume    ","volume    "," ","                              "
"FacErod   ","x"," ",    1.00000    ,"(-)                 ","scale factor on erosion terms                     ","volume    ","volume    "," ","                              "
"ErodIM1   ","x"," ",    0.00000    ,"(g/d)               ","erosion flux of 1st   fraction                    ","volume    ","volume    "," ","                              "
"ErodIM2   ","x"," ",    0.00000    ,"(g/d)               ","erosion flux of 2nd   fraction                    ","volume    ","volume    "," ","                              "
"ErodIM3   ","x"," ",    0.00000    ,"(g/d)               ","erosion flux of 3rd   fraction                    ","volume    ","volume    "," ","                              "
"fComSew   ","x"," ",   0.700000    ,"(-)                 ","fraction of combined sewers                       ","volume    ","volume    "," ","                              "
"SewLeakage","x"," ",    0.00000    ,"(- or mm)           ","sewer leakage / CSO definition                    ","volume    ","volume    "," ","                              "
"kBurial   ","x"," ",    0.00000    ,"(-)                 ","burial rate of unpaved pool                       ","volume    ","volume    "," ","                              "
"ImmoSoi   ","x"," ",    0.00000    ,"(1/d)               ","immob rate soils                                  ","volume    ","volume    "," ","                              "
"ro_lothr  ","x"," ",    2.00000    ,"(mm/d)              ","run-off from hard surfaces lower threshold        ","volume    ","volume    "," ","                              "
"ro_hithr  ","x"," ",    5.00000    ,"(mm/d)              ","run-off from hard surfaces upper threshold        ","volume    ","volume    "," ","                              "
"ra_lothr  ","x"," ",    10.0000    ,"(mm/d)              ","rainfall mediated erosion lower threshold         ","volume    ","volume    "," ","                              "
"ra_hithr  ","x"," ",    20.0000    ,"(mm/d)              ","rainfall mediated erosion upper threshold         ","volume    ","volume    "," ","                              "
"disp_hithr","x"," ",    7.00000    ,"(mm/d)              ","dissolved transport, threshold for runoff + infilt","volume    ","volume    "," ","                              "
"Eff_RS    ","x"," ",    1.00000    ,"(-)                 ","Fraction to effluent of rain sewers influent      ","volume    ","volume    "," ","                              "
"Sld_RS    ","x"," ",    0.00000    ,"(-)                 ","Fraction to sludge   of rain sewers influent      ","volume    ","volume    "," ","                              "
"FrRainSew ","x"," ",    1.00000    ,"(-)                 ","fraction    SW to sewer systems                   ","volume    ","volume    "," ","                              "
"Population","x"," ",    0.00000    ,"(cap)               ","population                                        ","volume    ","volume    "," ","                              "
"PCWastWat ","x"," ",    70.0000    ,"(L/cap/d)           ","per capita production of wastewater               ","volume    ","volume    "," ","                              "
"FrSewered ","x"," ",    1.00000    ,"(-)                 ","fraction WW    to sewer systems                   ","volume    ","volume    "," ","                              "
"FrSldgRem ","x"," ",    1.00000    ,"(-)                 ","fraction of sludge removed (not reused)           ","volume    ","volume    "," ","                              "
"FrSeptic  ","x"," ",    0.00000    ,"(-)                 ","fraction WW to septic tanks                       ","volume    ","volume    "," ","                              "
"FrTreat1  ","x"," ",    1.00000    ,"(-)                 ","fraction WW primary treated                       ","volume    ","volume    "," ","                              "
"FrTreat2  ","x"," ",    0.00000    ,"(-)                 ","fraction WW secondary treated                     ","volume    ","volume    "," ","                              "
"FrTreat3  ","x"," ",    0.00000    ,"(-)                 ","fraction WW tertiary treated                      ","volume    ","volume    "," ","                              "
"Eff_Septic","x"," ",    1.00000    ,"(-)                 ","fracion to water for septic tanks                 ","volume    ","volume    "," ","                              "
"Eff_Treat1","x"," ",    1.00000    ,"(-)                 ","fracion to effluent for primary treatment         ","volume    ","volume    "," ","                              "
"Eff_Treat2","x"," ",    1.00000    ,"(-)                 ","fracion to effluent for secondary treatment       ","volume    ","volume    "," ","                              "
"Eff_Treat3","x"," ",    1.00000    ,"(-)                 ","fracion to effluent for tertiary treatment        ","volume    ","volume    "," ","                              "
"Sld_Septic","x"," ",    0.00000    ,"(-)                 ","fracion to sludge for septic tanks                ","volume    ","volume    "," ","                              "
"Sld_Treat1","x"," ",    0.00000    ,"(-)                 ","fracion to sludge for primary treatment           ","volume    ","volume    "," ","                              "
"Sld_Treat2","x"," ",    0.00000    ,"(-)                 ","fracion to sludge for secondary treatment         ","volume    ","volume    "," ","                              "
"Sld_Treat3","x"," ",    0.00000    ,"(-)                 ","fracion to sludge for tertiary treatment          ","volume    ","volume    "," ","                              "
"Exfiltr   ","x"," ",   -999.000    ,"(m3/s)              ","exfiltration                                      ","volume    ","volume    "," ","                              "
"River     ","x"," ",   -999.000    ,"(-)                 ","definition of cell with river                     ","volume    ","volume    "," ","                              "
"Downstream","x"," ",   -999.000    ,"(-)                 ","number of the downstream cell                     ","volume    ","volume    "," ","                              "
"over_hithr","x"," ",    2.00000    ,"(mm/d)              ","threshold for transport by overland flow          ","volume    ","volume    "," ","                              "
"Subsurface","x"," ",   -999.000    ,"(m3/s)              ","Subsurface horizontal flow                        ","volume    ","volume    "," ","                              "
"Overland  ","x"," ",   -999.000    ,"(m3/s)              ","Overland   horizontal flow                        ","volume    ","volume    "," ","                              "
"CBack     ","x"," ",    0.00000    ,"(g/m3)              ","Concentration from passive pool                   ","volume    ","volume    "," ","                              "
"EV_A01    ","x"," ",    0.00000    ,"(X)                 ","emission variable type A                          ","volume    ","volume    "," ","                              "
"LOC_A01   ","x"," ",    0.00000    ,"(Y)                 ","locator variable type A                           ","volume    ","volume    "," ","                              "
"EF_A01    ","x"," ",    0.00000    ,"(kg/d/X)            ","emission factor type A                            ","volume    ","volume    "," ","                              "
"A01toWW   ","x"," ",    0.00000    ,"(-)                 ","released fraction to wastewater                   ","volume    ","volume    "," ","                              "
"A01toSew  ","x"," ",    0.00000    ,"(-)                 ","released fraction receptor                        ","volume    ","volume    "," ","                              "
"A01toPav  ","x"," ",    0.00000    ,"(-)                 ","released fraction receptor                        ","volume    ","volume    "," ","                              "
"A01toUnp  ","x"," ",    0.00000    ,"(-)                 ","released fraction receptor                        ","volume    ","volume    "," ","                              "
"A01toStw  ","x"," ",    0.00000    ,"(-)                 ","released fraction receptor                        ","volume    ","volume    "," ","                              "
"A01toSfw  ","x"," ",    0.00000    ,"(-)                 ","released fraction receptor                        ","volume    ","volume    "," ","                              "
"A01toSoi  ","x"," ",    0.00000    ,"(-)                 ","released fraction receptor                        ","volume    ","volume    "," ","                              "
"EV_B01    ","x"," ",    0.00000    ,"(X)                 ","locator/EV variable type B                        ","volume    ","volume    "," ","                              "
"EF_B01    ","x"," ",    0.00000    ,"(kg/d/X)            ","emission factor type B                            ","volume    ","volume    "," ","                              "
"B01toWW   ","x"," ",    0.00000    ,"(-)                 ","released fraction to wastewater                   ","volume    ","volume    "," ","                              "
"B01toSew  ","x"," ",    0.00000    ,"(-)                 ","released fraction receptor                        ","volume    ","volume    "," ","                              "
"B01toPav  ","x"," ",    0.00000    ,"(-)                 ","released fraction receptor                        ","volume    ","volume    "," ","                              "
"B01toUnp  ","x"," ",    0.00000    ,"(-)                 ","released fraction receptor                        ","volume    ","volume    "," ","                              "
"B01toStw  ","x"," ",    0.00000    ,"(-)                 ","released fraction receptor                        ","volume    ","volume    "," ","                              "
"B01toSfw  ","x"," ",    0.00000    ,"(-)                 ","released fraction receptor                        ","volume    ","volume    "," ","                              "
"B01toSoi  ","x"," ",    0.00000    ,"(-)                 ","released fraction receptor                        ","volume    ","volume    "," ","                              "
"EV_B02    ","x"," ",    0.00000    ,"(X)                 ","locator/EV variable type B                        ","volume    ","volume    "," ","                              "
"EF_B02    ","x"," ",    0.00000    ,"(kg/d/X)            ","emission factor type B                            ","volume    ","volume    "," ","                              "
"B02toWW   ","x"," ",    0.00000    ,"(-)                 ","released fraction to wastewater                   ","volume    ","volume    "," ","                              "
"B02toSew  ","x"," ",    0.00000    ,"(-)                 ","released fraction receptor                        ","volume    ","volume    "," ","                              "
"B02toPav  ","x"," ",    0.00000    ,"(-)                 ","released fraction receptor                        ","volume    ","volume    "," ","                              "
"B02toUnp  ","x"," ",    0.00000    ,"(-)                 ","released fraction receptor                        ","volume    ","volume    "," ","                              "
"B02toStw  ","x"," ",    0.00000    ,"(-)                 ","released fraction receptor                        ","volume    ","volume    "," ","                              "
"B02toSfw  ","x"," ",    0.00000    ,"(-)                 ","released fraction receptor                        ","volume    ","volume    "," ","                              "
"B02toSoi  ","x"," ",    0.00000    ,"(-)                 ","released fraction receptor                        ","volume    ","volume    "," ","                              "
"EV_B03    ","x"," ",    0.00000    ,"(X)                 ","locator/EV variable type B                        ","volume    ","volume    "," ","                              "
"EF_B03    ","x"," ",    0.00000    ,"(kg/d/X)            ","emission factor type B                            ","volume    ","volume    "," ","                              "
"B03toWW   ","x"," ",    0.00000    ,"(-)                 ","released fraction to wastewater                   ","volume    ","volume    "," ","                              "
"B03toSew  ","x"," ",    0.00000    ,"(-)                 ","released fraction receptor                        ","volume    ","volume    "," ","                              "
"B03toPav  ","x"," ",    0.00000    ,"(-)                 ","released fraction receptor                        ","volume    ","volume    "," ","                              "
"B03toUnp  ","x"," ",    0.00000    ,"(-)                 ","released fraction receptor                        ","volume    ","volume    "," ","                              "
"B03toStw  ","x"," ",    0.00000    ,"(-)                 ","released fraction receptor                        ","volume    ","volume    "," ","                              "
"B03toSfw  ","x"," ",    0.00000    ,"(-)                 ","released fraction receptor                        ","volume    ","volume    "," ","                              "
"B03toSoi  ","x"," ",    0.00000    ,"(-)                 ","released fraction receptor                        ","volume    ","volume    "," ","                              "
"EV_B04    ","x"," ",    0.00000    ,"(X)                 ","locator/EV variable type B                        ","volume    ","volume    "," ","                              "
"EF_B04    ","x"," ",    0.00000    ,"(kg/d/X)            ","emission factor type B                            ","volume    ","volume    "," ","                              "
"B04toWW   ","x"," ",    0.00000    ,"(-)                 ","released fraction to wastewater                   ","volume    ","volume    "," ","                              "
"B04toSew  ","x"," ",    0.00000    ,"(-)                 ","released fraction receptor                        ","volume    ","volume    "," ","                              "
"B04toPav  ","x"," ",    0.00000    ,"(-)                 ","released fraction receptor                        ","volume    ","volume    "," ","                              "
"B04toUnp  ","x"," ",    0.00000    ,"(-)                 ","released fraction receptor                        ","volume    ","volume    "," ","                              "
"B04toStw  ","x"," ",    0.00000    ,"(-)                 ","released fraction receptor                        ","volume    ","volume    "," ","                              "
"B04toSfw  ","x"," ",    0.00000    ,"(-)                 ","released fraction receptor                        ","volume    ","volume    "," ","                              "
"B04toSoi  ","x"," ",    0.00000    ,"(-)                 ","released fraction receptor                        ","volume    ","volume    "," ","                              "
"EV_B05    ","x"," ",    0.00000    ,"(X)                 ","locator/EV variable type B                        ","volume    ","volume    "," ","                              "
"EF_B05    ","x"," ",    0.00000    ,"(kg/d/X)            ","emission factor type B                            ","volume    ","volume    "," ","                              "
"B05toWW   ","x"," ",    0.00000    ,"(-)                 ","released fraction to wastewater                   ","volume    ","volume    "," ","                              "
"B05toSew  ","x"," ",    0.00000    ,"(-)                 ","released fraction receptor                        ","volume    ","volume    "," ","                              "
"B05toPav  ","x"," ",    0.00000    ,"(-)                 ","released fraction receptor                        ","volume    ","volume    "," ","                              "
"B05toUnp  ","x"," ",    0.00000    ,"(-)                 ","released fraction receptor                        ","volume    ","volume    "," ","                              "
"B05toStw  ","x"," ",    0.00000    ,"(-)                 ","released fraction receptor                        ","volume    ","volume    "," ","                              "
"B05toSfw  ","x"," ",    0.00000    ,"(-)                 ","released fraction receptor                        ","volume    ","volume    "," ","                              "
"B05toSoi  ","x"," ",    0.00000    ,"(-)                 ","released fraction receptor                        ","volume    ","volume    "," ","                              "
"EV_B06    ","x"," ",    0.00000    ,"(X)                 ","locator/EV variable type B                        ","volume    ","volume    "," ","                              "
"EF_B06    ","x"," ",    0.00000    ,"(kg/d/X)            ","emission factor type B                            ","volume    ","volume    "," ","                              "
"B06toWW   ","x"," ",    0.00000    ,"(-)                 ","released fraction to wastewater                   ","volume    ","volume    "," ","                              "
"B06toSew  ","x"," ",    0.00000    ,"(-)                 ","released fraction receptor                        ","volume    ","volume    "," ","                              "
"B06toPav  ","x"," ",    0.00000    ,"(-)                 ","released fraction receptor                        ","volume    ","volume    "," ","                              "
"B06toUnp  ","x"," ",    0.00000    ,"(-)                 ","released fraction receptor                        ","volume    ","volume    "," ","                              "
"B06toStw  ","x"," ",    0.00000    ,"(-)                 ","released fraction receptor                        ","volume    ","volume    "," ","                              "
"B06toSfw  ","x"," ",    0.00000    ,"(-)                 ","released fraction receptor                        ","volume    ","volume    "," ","                              "
"B06toSoi  ","x"," ",    0.00000    ,"(-)                 ","released fraction receptor                        ","volume    ","volume    "," ","                              "
"EV_B07    ","x"," ",    0.00000    ,"(X)                 ","locator/EV variable type B                        ","volume    ","volume    "," ","                              "
"EF_B07    ","x"," ",    0.00000    ,"(kg/d/X)            ","emission factor type B                            ","volume    ","volume    "," ","                              "
"B07toWW   ","x"," ",    0.00000    ,"(-)                 ","released fraction to wastewater                   ","volume    ","volume    "," ","                              "
"B07toSew  ","x"," ",    0.00000    ,"(-)                 ","released fraction receptor                        ","volume    ","volume    "," ","                              "
"B07toPav  ","x"," ",    0.00000    ,"(-)                 ","released fraction receptor                        ","volume    ","volume    "," ","                              "
"B07toUnp  ","x"," ",    0.00000    ,"(-)                 ","released fraction receptor                        ","volume    ","volume    "," ","                              "
"B07toStw  ","x"," ",    0.00000    ,"(-)                 ","released fraction receptor                        ","volume    ","volume    "," ","                              "
"B07toSfw  ","x"," ",    0.00000    ,"(-)                 ","released fraction receptor                        ","volume    ","volume    "," ","                              "
"B07toSoi  ","x"," ",    0.00000    ,"(-)                 ","released fraction receptor                        ","volume    ","volume    "," ","                              "
"EV_B08    ","x"," ",    0.00000    ,"(X)                 ","locator/EV variable type B                        ","volume    ","volume    "," ","                              "
"EF_B08    ","x"," ",    0.00000    ,"(kg/d/X)            ","emission factor type B                            ","volume    ","volume    "," ","                              "
"B08toWW   ","x"," ",    0.00000    ,"(-)                 ","released fraction to wastewater                   ","volume    ","volume    "," ","                              "
"B08toSew  ","x"," ",    0.00000    ,"(-)                 ","released fraction receptor                        ","volume    ","volume    "," ","                              "
"B08toPav  ","x"," ",    0.00000    ,"(-)                 ","released fraction receptor                        ","volume    ","volume    "," ","                              "
"B08toUnp  ","x"," ",    0.00000    ,"(-)                 ","released fraction receptor                        ","volume    ","volume    "," ","                              "
"B08toStw  ","x"," ",    0.00000    ,"(-)                 ","released fraction receptor                        ","volume    ","volume    "," ","                              "
"B08toSfw  ","x"," ",    0.00000    ,"(-)                 ","released fraction receptor                        ","volume    ","volume    "," ","                              "
"B08toSoi  ","x"," ",    0.00000    ,"(-)                 ","released fraction receptor                        ","volume    ","volume    "," ","                              "
"EV_B09    ","x"," ",    0.00000    ,"(X)                 ","locator/EV variable type B                        ","volume    ","volume    "," ","                              "
"EF_B09    ","x"," ",    0.00000    ,"(kg/d/X)            ","emission factor type B                            ","volume    ","volume    "," ","                              "
"B09toWW   ","x"," ",    0.00000    ,"(-)                 ","released fraction to wastewater                   ","volume    ","volume    "," ","                              "
"B09toSew  ","x"," ",    0.00000    ,"(-)                 ","released fraction receptor                        ","volume    ","volume    "," ","                              "
"B09toPav  ","x"," ",    0.00000    ,"(-)                 ","released fraction receptor                        ","volume    ","volume    "," ","                              "
"B09toUnp  ","x"," ",    0.00000    ,"(-)                 ","released fraction receptor                        ","volume    ","volume    "," ","                              "
"B09toStw  ","x"," ",    0.00000    ,"(-)                 ","released fraction receptor                        ","volume    ","volume    "," ","                              "
"B09toSfw  ","x"," ",    0.00000    ,"(-)                 ","released fraction receptor                        ","volume    ","volume    "," ","                              "
"B09toSoi  ","x"," ",    0.00000    ,"(-)                 ","released fraction receptor                        ","volume    ","volume    "," ","                              "
"EV_B10    ","x"," ",    0.00000    ,"(X)                 ","locator/EV variable type B                        ","volume    ","volume    "," ","                              "
"EF_B10    ","x"," ",    0.00000    ,"(kg/d/X)            ","emission factor type B                            ","volume    ","volume    "," ","                              "
"B10toWW   ","x"," ",    0.00000    ,"(-)                 ","released fraction to wastewater                   ","volume    ","volume    "," ","                              "
"B10toSew  ","x"," ",    0.00000    ,"(-)                 ","released fraction receptor                        ","volume    ","volume    "," ","                              "
"B10toPav  ","x"," ",    0.00000    ,"(-)                 ","released fraction receptor                        ","volume    ","volume    "," ","                              "
"B10toUnp  ","x"," ",    0.00000    ,"(-)                 ","released fraction receptor                        ","volume    ","volume    "," ","                              "
"B10toStw  ","x"," ",    0.00000    ,"(-)                 ","released fraction receptor                        ","volume    ","volume    "," ","                              "
"B10toSfw  ","x"," ",    0.00000    ,"(-)                 ","released fraction receptor                        ","volume    ","volume    "," ","                              "
"B10toSoi  ","x"," ",    0.00000    ,"(-)                 ","released fraction receptor                        ","volume    ","volume    "," ","                              "
"EV_B11    ","x"," ",    0.00000    ,"(X)                 ","locator/EV variable type B                        ","volume    ","volume    "," ","                              "
"EF_B11    ","x"," ",    0.00000    ,"(kg/d/X)            ","emission factor type B                            ","volume    ","volume    "," ","                              "
"B11toWW   ","x"," ",    0.00000    ,"(-)                 ","released fraction to wastewater                   ","volume    ","volume    "," ","                              "
"B11toSew  ","x"," ",    0.00000    ,"(-)                 ","released fraction receptor                        ","volume    ","volume    "," ","                              "
"B11toPav  ","x"," ",    0.00000    ,"(-)                 ","released fraction receptor                        ","volume    ","volume    "," ","                              "
"B11toUnp  ","x"," ",    0.00000    ,"(-)                 ","released fraction receptor                        ","volume    ","volume    "," ","                              "
"B11toStw  ","x"," ",    0.00000    ,"(-)                 ","released fraction receptor                        ","volume    ","volume    "," ","                              "
"B11toSfw  ","x"," ",    0.00000    ,"(-)                 ","released fraction receptor                        ","volume    ","volume    "," ","                              "
"B11toSoi  ","x"," ",    0.00000    ,"(-)                 ","released fraction receptor                        ","volume    ","volume    "," ","                              "
"EV_B12    ","x"," ",    0.00000    ,"(X)                 ","locator/EV variable type B                        ","volume    ","volume    "," ","                              "
"EF_B12    ","x"," ",    0.00000    ,"(kg/d/X)            ","emission factor type B                            ","volume    ","volume    "," ","                              "
"B12toWW   ","x"," ",    0.00000    ,"(-)                 ","released fraction to wastewater                   ","volume    ","volume    "," ","                              "
"B12toSew  ","x"," ",    0.00000    ,"(-)                 ","released fraction receptor                        ","volume    ","volume    "," ","                              "
"B12toPav  ","x"," ",    0.00000    ,"(-)                 ","released fraction receptor                        ","volume    ","volume    "," ","                              "
"B12toUnp  ","x"," ",    0.00000    ,"(-)                 ","released fraction receptor                        ","volume    ","volume    "," ","                              "
"B12toStw  ","x"," ",    0.00000    ,"(-)                 ","released fraction receptor                        ","volume    ","volume    "," ","                              "
"B12toSfw  ","x"," ",    0.00000    ,"(-)                 ","released fraction receptor                        ","volume    ","volume    "," ","                              "
"B12toSoi  ","x"," ",    0.00000    ,"(-)                 ","released fraction receptor                        ","volume    ","volume    "," ","                              "
"Dww       ","x"," ",   -999.000    ,"(g)                 ","mass                                              ","volume    ","volume    ","x","DummyGroup                    "
"Sew       ","x"," ",   -999.000    ,"(g)                 ","mass                                              ","volume    ","volume    ","x","DummyGroup                    "
"Pav       ","x"," ",   -999.000    ,"(g)                 ","mass                                              ","volume    ","volume    ","x","DummyGroup                    "
"Unp       ","x"," ",   -999.000    ,"(g)                 ","mass                                              ","volume    ","volume    ","x","DummyGroup                    "
"Stw       ","x"," ",   -999.000    ,"(g)                 ","mass                                              ","volume    ","volume    ","x","DummyGroup                    "
"Sfw       ","x"," ",   -999.000    ,"(g)                 ","mass                                              ","volume    ","volume    ","x","DummyGroup                    "
"Emis_Sfw  ","x"," ",   -999.000    ,"(g/s)               ","emission to water                                 ","volume    ","volume    "," ","                              "
"RO2ComSew ","x"," ",   -999.000    ,"(m3/s)              ","runoff from paved areas to mixed sewers           ","volume    ","volume    "," ","                              "
"WW2ComSew ","x"," ",   -999.000    ,"(m3/s)              ","wastewater to mixed sewers                        ","volume    ","volume    "," ","                              "
"ConcROp   ","x"," ",   -999.000    ,"(g/m3)              ","concentration in runoff from paved areas          ","volume    ","volume    "," ","                              "
"ConcROu   ","x"," ",   -999.000    ,"(g/m3)              ","concentration in runoff from unpaved areas        ","volume    ","volume    "," ","                              "
"ConcWW    ","x"," ",   -999.000    ,"(g/m3)              ","concentration in raw wastewater                   ","volume    ","volume    "," ","                              "
"ConcDR    ","x"," ",   -999.000    ,"(g/m3)              ","concentration in drainage from soils              ","volume    ","volume    "," ","                              "
"dRelAtmDww","x"," ",   -999.000    ,"(g/d)               ","release to receptor                               ","volume    ","volume    "," ","                              "
"dRelAtmSew","x"," ",   -999.000    ,"(g/d)               ","release to receptor                               ","volume    ","volume    "," ","                              "
"dRelAtmPav","x"," ",   -999.000    ,"(g/d)               ","release to receptor                               ","volume    ","volume    "," ","                              "
"dRelAtmUnp","x"," ",   -999.000    ,"(g/d)               ","release to receptor                               ","volume    ","volume    "," ","                              "
"dRelAtmStw","x"," ",   -999.000    ,"(g/d)               ","release to receptor                               ","volume    ","volume    "," ","                              "
"dRelAtmSfw","x"," ",   -999.000    ,"(g/d)               ","release to receptor                               ","volume    ","volume    "," ","                              "
"dRelAtmSoi","x"," ",   -999.000    ,"(g/d)               ","release to receptor                               ","volume    ","volume    "," ","                              "
"dRelA01Dww","x"," ",   -999.000    ,"(g/d)               ","release to receptor                               ","volume    ","volume    "," ","                              "
"dRelA01Sew","x"," ",   -999.000    ,"(g/d)               ","release to receptor                               ","volume    ","volume    "," ","                              "
"dRelA01Pav","x"," ",   -999.000    ,"(g/d)               ","release to receptor                               ","volume    ","volume    "," ","                              "
"dRelA01Unp","x"," ",   -999.000    ,"(g/d)               ","release to receptor                               ","volume    ","volume    "," ","                              "
"dRelA01Stw","x"," ",   -999.000    ,"(g/d)               ","release to receptor                               ","volume    ","volume    "," ","                              "
"dRelA01Sfw","x"," ",   -999.000    ,"(g/d)               ","release to receptor                               ","volume    ","volume    "," ","                              "
"dRelA01Soi","x"," ",   -999.000    ,"(g/d)               ","release to receptor                               ","volume    ","volume    "," ","                              "
"dRelB01Dww","x"," ",   -999.000    ,"(g/d)               ","release to receptor                               ","volume    ","volume    "," ","                              "
"dRelB01Sew","x"," ",   -999.000    ,"(g/d)               ","release to receptor                               ","volume    ","volume    "," ","                              "
"dRelB01Pav","x"," ",   -999.000    ,"(g/d)               ","release to receptor                               ","volume    ","volume    "," ","                              "
"dRelB01Unp","x"," ",   -999.000    ,"(g/d)               ","release to receptor                               ","volume    ","volume    "," ","                              "
"dRelB01Stw","x"," ",   -999.000    ,"(g/d)               ","release to receptor                               ","volume    ","volume    "," ","                              "
"dRelB01Sfw","x"," ",   -999.000    ,"(g/d)               ","release to receptor                               ","volume    ","volume    "," ","                              "
"dRelB01Soi","x"," ",   -999.000    ,"(g/d)               ","release to receptor                               ","volume    ","volume    "," ","                              "
"dRelB02Dww","x"," ",   -999.000    ,"(g/d)               ","release to receptor                               ","volume    ","volume    "," ","                              "
"dRelB02Sew","x"," ",   -999.000    ,"(g/d)               ","release to receptor                               ","volume    ","volume    "," ","                              "
"dRelB02Pav","x"," ",   -999.000    ,"(g/d)               ","release to receptor                               ","volume    ","volume    "," ","                              "
"dRelB02Unp","x"," ",   -999.000    ,"(g/d)               ","release to receptor                               ","volume    ","volume    "," ","                              "
"dRelB02Stw","x"," ",   -999.000    ,"(g/d)               ","release to receptor                               ","volume    ","volume    "," ","                              "
"dRelB02Sfw","x"," ",   -999.000    ,"(g/d)               ","release to receptor                               ","volume    ","volume    "," ","                              "
"dRelB02Soi","x"," ",   -999.000    ,"(g/d)               ","release to receptor                               ","volume    ","volume    "," ","                              "
"dRelB03Dww","x"," ",   -999.000    ,"(g/d)               ","release to receptor                               ","volume    ","volume    "," ","                              "
"dRelB03Sew","x"," ",   -999.000    ,"(g/d)               ","release to receptor                               ","volume    ","volume    "," ","                              "
"dRelB03Pav","x"," ",   -999.000    ,"(g/d)               ","release to receptor                               ","volume    ","volume    "," ","                              "
"dRelB03Unp","x"," ",   -999.000    ,"(g/d)               ","release to receptor                               ","volume    ","volume    "," ","                              "
"dRelB03Stw","x"," ",   -999.000    ,"(g/d)               ","release to receptor                               ","volume    ","volume    "," ","                              "
"dRelB03Sfw","x"," ",   -999.000    ,"(g/d)               ","release to receptor                               ","volume    ","volume    "," ","                              "
"dRelB03Soi","x"," ",   -999.000    ,"(g/d)               ","release to receptor                               ","volume    ","volume    "," ","                              "
"dRelB04Dww","x"," ",   -999.000    ,"(g/d)               ","release to receptor                               ","volume    ","volume    "," ","                              "
"dRelB04Sew","x"," ",   -999.000    ,"(g/d)               ","release to receptor                               ","volume    ","volume    "," ","                              "
"dRelB04Pav","x"," ",   -999.000    ,"(g/d)               ","release to receptor                               ","volume    ","volume    "," ","                              "
"dRelB04Unp","x"," ",   -999.000    ,"(g/d)               ","release to receptor                               ","volume    ","volume    "," ","                              "
"dRelB04Stw","x"," ",   -999.000    ,"(g/d)               ","release to receptor                               ","volume    ","volume    "," ","                              "
"dRelB04Sfw","x"," ",   -999.000    ,"(g/d)               ","release to receptor                               ","volume    ","volume    "," ","                              "
"dRelB04Soi","x"," ",   -999.000    ,"(g/d)               ","release to receptor                               ","volume    ","volume    "," ","                              "
"dRelB05Dww","x"," ",   -999.000    ,"(g/d)               ","release to receptor                               ","volume    ","volume    "," ","                              "
"dRelB05Sew","x"," ",   -999.000    ,"(g/d)               ","release to receptor                               ","volume    ","volume    "," ","                              "
"dRelB05Pav","x"," ",   -999.000    ,"(g/d)               ","release to receptor                               ","volume    ","volume    "," ","                              "
"dRelB05Unp","x"," ",   -999.000    ,"(g/d)               ","release to receptor                               ","volume    ","volume    "," ","                              "
"dRelB05Stw","x"," ",   -999.000    ,"(g/d)               ","release to receptor                               ","volume    ","volume    "," ","                              "
"dRelB05Sfw","x"," ",   -999.000    ,"(g/d)               ","release to receptor                               ","volume    ","volume    "," ","                              "
"dRelB05Soi","x"," ",   -999.000    ,"(g/d)               ","release to receptor                               ","volume    ","volume    "," ","                              "
"dRelB06Dww","x"," ",   -999.000    ,"(g/d)               ","release to receptor                               ","volume    ","volume    "," ","                              "
"dRelB06Sew","x"," ",   -999.000    ,"(g/d)               ","release to receptor                               ","volume    ","volume    "," ","                              "
"dRelB06Pav","x"," ",   -999.000    ,"(g/d)               ","release to receptor                               ","volume    ","volume    "," ","                              "
"dRelB06Unp","x"," ",   -999.000    ,"(g/d)               ","release to receptor                               ","volume    ","volume    "," ","                              "
"dRelB06Stw","x"," ",   -999.000    ,"(g/d)               ","release to receptor                               ","volume    ","volume    "," ","                              "
"dRelB06Sfw","x"," ",   -999.000    ,"(g/d)               ","release to receptor                               ","volume    ","volume    "," ","                              "
"dRelB06Soi","x"," ",   -999.000    ,"(g/d)               ","release to receptor                               ","volume    ","volume    "," ","                              "
"dRelB07Dww","x"," ",   -999.000    ,"(g/d)               ","release to receptor                               ","volume    ","volume    "," ","                              "
"dRelB07Sew","x"," ",   -999.000    ,"(g/d)               ","release to receptor                               ","volume    ","volume    "," ","                              "
"dRelB07Pav","x"," ",   -999.000    ,"(g/d)               ","release to receptor                               ","volume    ","volume    "," ","                              "
"dRelB07Unp","x"," ",   -999.000    ,"(g/d)               ","release to receptor                               ","volume    ","volume    "," ","                              "
"dRelB07Stw","x"," ",   -999.000    ,"(g/d)               ","release to receptor                               ","volume    ","volume    "," ","                              "
"dRelB07Sfw","x"," ",   -999.000    ,"(g/d)               ","release to receptor                               ","volume    ","volume    "," ","                              "
"dRelB07Soi","x"," ",   -999.000    ,"(g/d)               ","release to receptor                               ","volume    ","volume    "," ","                              "
"dRelB08Dww","x"," ",   -999.000    ,"(g/d)               ","release to receptor                               ","volume    ","volume    "," ","                              "
"dRelB08Sew","x"," ",   -999.000    ,"(g/d)               ","release to receptor                               ","volume    ","volume    "," ","                              "
"dRelB08Pav","x"," ",   -999.000    ,"(g/d)               ","release to receptor                               ","volume    ","volume    "," ","                              "
"dRelB08Unp","x"," ",   -999.000    ,"(g/d)               ","release to receptor                               ","volume    ","volume    "," ","                              "
"dRelB08Stw","x"," ",   -999.000    ,"(g/d)               ","release to receptor                               ","volume    ","volume    "," ","                              "
"dRelB08Sfw","x"," ",   -999.000    ,"(g/d)               ","release to receptor                               ","volume    ","volume    "," ","                              "
"dRelB08Soi","x"," ",   -999.000    ,"(g/d)               ","release to receptor                               ","volume    ","volume    "," ","                              "
"dRelB09Dww","x"," ",   -999.000    ,"(g/d)               ","release to receptor                               ","volume    ","volume    "," ","                              "
"dRelB09Sew","x"," ",   -999.000    ,"(g/d)               ","release to receptor                               ","volume    ","volume    "," ","                              "
"dRelB09Pav","x"," ",   -999.000    ,"(g/d)               ","release to receptor                               ","volume    ","volume    "," ","                              "
"dRelB09Unp","x"," ",   -999.000    ,"(g/d)               ","release to receptor                               ","volume    ","volume    "," ","                              "
"dRelB09Stw","x"," ",   -999.000    ,"(g/d)               ","release to receptor                               ","volume    ","volume    "," ","                              "
"dRelB09Sfw","x"," ",   -999.000    ,"(g/d)               ","release to receptor                               ","volume    ","volume    "," ","                              "
"dRelB09Soi","x"," ",   -999.000    ,"(g/d)               ","release to receptor                               ","volume    ","volume    "," ","                              "
"dRelB10Dww","x"," ",   -999.000    ,"(g/d)               ","release to receptor                               ","volume    ","volume    "," ","                              "
"dRelB10Sew","x"," ",   -999.000    ,"(g/d)               ","release to receptor                               ","volume    ","volume    "," ","                              "
"dRelB10Pav","x"," ",   -999.000    ,"(g/d)               ","release to receptor                               ","volume    ","volume    "," ","                              "
"dRelB10Unp","x"," ",   -999.000    ,"(g/d)               ","release to receptor                               ","volume    ","volume    "," ","                              "
"dRelB10Stw","x"," ",   -999.000    ,"(g/d)               ","release to receptor                               ","volume    ","volume    "," ","                              "
"dRelB10Sfw","x"," ",   -999.000    ,"(g/d)               ","release to receptor                               ","volume    ","volume    "," ","                              "
"dRelB10Soi","x"," ",   -999.000    ,"(g/d)               ","release to receptor                               ","volume    ","volume    "," ","                              "
"dRelB11Dww","x"," ",   -999.000    ,"(g/d)               ","release to receptor                               ","volume    ","volume    "," ","                              "
"dRelB11Sew","x"," ",   -999.000    ,"(g/d)               ","release to receptor                               ","volume    ","volume    "," ","                              "
"dRelB11Pav","x"," ",   -999.000    ,"(g/d)               ","release to receptor                               ","volume    ","volume    "," ","                              "
"dRelB11Unp","x"," ",   -999.000    ,"(g/d)               ","release to receptor                               ","volume    ","volume    "," ","                              "
"dRelB11Stw","x"," ",   -999.000    ,"(g/d)               ","release to receptor                               ","volume    ","volume    "," ","                              "
"dRelB11Sfw","x"," ",   -999.000    ,"(g/d)               ","release to receptor                               ","volume    ","volume    "," ","                              "
"dRelB11Soi","x"," ",   -999.000    ,"(g/d)               ","release to receptor                               ","volume    ","volume    "," ","                              "
"dRelB12Dww","x"," ",   -999.000    ,"(g/d)               ","release to receptor                               ","volume    ","volume    "," ","                              "
"dRelB12Sew","x"," ",   -999.000    ,"(g/d)               ","release to receptor                               ","volume    ","volume    "," ","                              "
"dRelB12Pav","x"," ",   -999.000    ,"(g/d)               ","release to receptor                               ","volume    ","volume    "," ","                              "
"dRelB12Unp","x"," ",   -999.000    ,"(g/d)               ","release to receptor                               ","volume    ","volume    "," ","                              "
"dRelB12Stw","x"," ",   -999.000    ,"(g/d)               ","release to receptor                               ","volume    ","volume    "," ","                              "
"dRelB12Sfw","x"," ",   -999.000    ,"(g/d)               ","release to receptor                               ","volume    ","volume    "," ","                              "
"dRelB12Soi","x"," ",   -999.000    ,"(g/d)               ","release to receptor                               ","volume    ","volume    "," ","                              "
"dpav2sew  ","x"," ",   -999.000    ,"(g/d)               ","emission pathway                                  ","volume    ","volume    "," ","                              "
"dpav2stw  ","x"," ",   -999.000    ,"(g/d)               ","emission pathway                                  ","volume    ","volume    "," ","                              "
"dpav2sfw  ","x"," ",   -999.000    ,"(g/d)               ","emission pathway                                  ","volume    ","volume    "," ","                              "
"dpav2soi  ","x"," ",   -999.000    ,"(g/d)               ","emission pathway                                  ","volume    ","volume    "," ","                              "
"dpav2dec  ","x"," ",   -999.000    ,"(g/d)               ","emission pathway                                  ","volume    ","volume    "," ","                              "
"dunp2sfwer","x"," ",   -999.000    ,"(g/d)               ","emission pathway                                  ","volume    ","volume    "," ","                              "
"dunp2sfwro","x"," ",   -999.000    ,"(g/d)               ","emission pathway                                  ","volume    ","volume    "," ","                              "
"dunp2soiin","x"," ",   -999.000    ,"(g/d)               ","emission pathway                                  ","volume    ","volume    "," ","                              "
"dunp2soibu","x"," ",   -999.000    ,"(g/d)               ","emission pathway                                  ","volume    ","volume    "," ","                              "
"dunp2dec  ","x"," ",   -999.000    ,"(g/d)               ","emission pathway                                  ","volume    ","volume    "," ","                              "
"dsew2sfwl ","x"," ",   -999.000    ,"(g/d)               ","emission pathway                                  ","volume    ","volume    "," ","                              "
"dsew2rem  ","x"," ",   -999.000    ,"(g/d)               ","emission pathway                                  ","volume    ","volume    "," ","                              "
"dsew2sfwe ","x"," ",   -999.000    ,"(g/d)               ","emission pathway                                  ","volume    ","volume    "," ","                              "
"dsew2soi  ","x"," ",   -999.000    ,"(g/d)               ","emission pathway                                  ","volume    ","volume    "," ","                              "
"dsew2sfwu ","x"," ",   -999.000    ,"(g/d)               ","emission pathway                                  ","volume    ","volume    "," ","                              "
"dstw2rem  ","x"," ",   -999.000    ,"(g/d)               ","emission pathway                                  ","volume    ","volume    "," ","                              "
"dstw2sfw  ","x"," ",   -999.000    ,"(g/d)               ","emission pathway                                  ","volume    ","volume    "," ","                              "
"dstw2soi  ","x"," ",   -999.000    ,"(g/d)               ","emission pathway                                  ","volume    ","volume    "," ","                              "
"dsoi2sfwex","x"," ",   -999.000    ,"(g/d)               ","emission pathway                                  ","volume    ","volume    "," ","                              "
"dsop2sfwex","x"," ",   -999.000    ,"(g/d)               ","emission pathway                                  ","volume    ","volume    "," ","                              "
"dsoi2rem  ","x"," ",   -999.000    ,"(g/d)               ","emission pathway                                  ","volume    ","volume    "," ","                              "
"dsoi2sfwer","x"," ",   -999.000    ,"(g/d)               ","emission pathway                                  ","volume    ","volume    "," ","                              "
"dsop2sfwer","x"," ",   -999.000    ,"(g/d)               ","emission pathway                                  ","volume    ","volume    "," ","                              "
"dsoi2sop  ","x"," ",   -999.000    ,"(g/d)               ","emission pathway                                  ","volume    ","volume    "," ","                              "
"dsfw2exp  ","x"," ",   -999.000    ,"(g/d)               ","emission pathway                                  ","volume    ","volume    "," ","                              "
"dtransfw  ","x"," ",   -999.000    ,"(g/d)               ","horizontal transport                              ","volume    ","volume    "," ","                              "
"dtransoi  ","x"," ",   -999.000    ,"(g/d)               ","horizontal transport                              ","volume    ","volume    "," ","                              "
"dtransop  ","x"," ",   -999.000    ,"(g/d)               ","horizontal transport                              ","volume    ","volume    "," ","                              "
"ddww2sew  ","x"," ",   -999.000    ,"(g/d)               ","emission pathway                                  ","volume    ","volume    "," ","                              "
"ddww2sfw  ","x"," ",   -999.000    ,"(g/d)               ","emission pathway                                  ","volume    ","volume    "," ","                              "
"ddww2soi  ","x"," ",   -999.000    ,"(g/d)               ","emission pathway                                  ","volume    ","volume    "," ","                              "
"noexF1toW ","x"," ",    2.00000    ,"(-)                 ","exchanges block that defines runoff               ","volume    ","volume    "," ","                              "
"noexF2toW ","x"," ",    3.00000    ,"(-)                 ","exchanges block that defines subsurface flow      ","volume    ","volume    "," ","                              "
"Volume    ","x"," ",   -999.000    ,"(m3)                ","volume of computational cell                      ","volume    ","volume    "," ","                              "
"CloudFrac ","x"," ",   -999.000    ,"(-)                 ","Cloud coverage                                    ","volume    ","volume    "," ","                              "
"AvPerDifT1","x"," ",    1.00000    ,"(d)                 ","Averaging period for temperature of diffuse inflow","volume    ","volume    "," ","                              "
"TempWrk1  ","x"," ",   -999.000    ,"(oC)                ","WS1 for averaging                                 ","volume    ","volume    "," ","                              "
"AvPerDifT2","x"," ",    1.00000    ,"(d)                 ","Averaging period for temperature of diffuse inflow","volume    ","volume    "," ","                              "
"TempWrk2  ","x"," ",   -999.000    ,"(oC)                ","WS2 for averaging                                 ","volume    ","volume    "," ","                              "
"TemMin    ","x"," ",   -100.000    ,"(oC)                ","mimimum temperature of runoff                     ","volume    ","volume    "," ","                              "
"FLOW      "," ","x",   -999.000    ,"(m3/s)              ","flow rate                                         ","volume    ","volume    "," ","                              "
"Cloud     ","x"," ",   -999.000    ,"(%)                 ","Cloud coverage                                    ","volume    ","volume    "," ","                              "
"dDifTemp  ","x"," ",   -999.000    ,"(g/m3/d)            ","Diffuse inflow of heat                            ","volume    ","volume    "," ","                              "
"NatTemp   ","x"," ",   -999.000    ,"(oC)                ","Background water temperature                      ","volume    ","volume    ","x","DummyGroup                    "
"Surf      ","x"," ",   -999.000    ,"(m2)                ","horizontal surface area of a DELWAQ segment       ","volume    ","volume    "," ","                              "
"Riverlen  ","x"," ",   -999.000    ,"(m)                 ","river length                                      ","volume    ","volume    "," ","                              "
"Chezy     ","x"," ",    60.0000    ,"(m0.5/s)            ","Chezy coefficient                                 ","volume    ","volume    "," ","                              "
"Velocity  ","x"," ",   -999.000    ,"(m/s)               ","horizontal flow velocity                          ","volume    ","volume    "," ","                              "
"Depth     ","x"," ",   -999.000    ,"(m)                 ","depth of segment                                  ","volume    ","volume    "," ","                              "
"TotalDepth","x"," ",   -999.000    ,"(m)                 ","total depth water column                          ","volume    ","volume    "," ","                              "
"Tau       ","x"," ",   -999.000    ,"(N/m2)              ","total bottom shear stress                         ","volume    ","volume    "," ","                              "
"ErodIM4   ","x"," ",    0.00000    ,"(g/d)               ","erosion flux of 4th   fraction                    ","volume    ","volume    "," ","                              "
"ErodIM5   ","x"," ",    0.00000    ,"(g/d)               ","erosion flux of 5th   fraction                    ","volume    ","volume    "," ","                              "
"ErodIM6   ","x"," ",    0.00000    ,"(g/d)               ","erosion flux of 6th   fraction                    ","volume    ","volume    "," ","                              "
"TotErod   ","x"," ",   -999.000    ,"(g/d)               ","erosion flux total                                ","volume    ","volume    "," ","                              "
"dErSus1   ","x"," ",   -999.000    ,"(g/m3/d)            ","Erosion sed  class 1                              ","volume    ","volume    "," ","                              "
"dErSus2   ","x"," ",   -999.000    ,"(g/m3/d)            ","Erosion sed  class 2                              ","volume    ","volume    "," ","                              "
"dErSus3   ","x"," ",   -999.000    ,"(g/m3/d)            ","Erosion sed  class 3                              ","volume    ","volume    "," ","                              "
"dErSus4   ","x"," ",   -999.000    ,"(g/m3/d)            ","Erosion sed  class 4                              ","volume    ","volume    "," ","                              "
"dErSus5   ","x"," ",   -999.000    ,"(g/m3/d)            ","Erosion sed  class 5                              ","volume    ","volume    "," ","                              "
"dErSus6   ","x"," ",   -999.000    ,"(g/m3/d)            ","Erosion sed  class 6                              ","volume    ","volume    "," ","                              "
"IM1       ","x"," ",   -999.000    ,"(gDM/m3)            ","inorganic matter (IM1)                            ","volume    ","volume    ","x","DummyGroup                    "
"IM2       ","x"," ",   -999.000    ,"(gDM/m3)            ","inorganic matter (IM2)                            ","volume    ","volume    ","x","DummyGroup                    "
"IM3       ","x"," ",   -999.000    ,"(gDM/m3)            ","inorganic matter (IM3)                            ","volume    ","volume    ","x","DummyGroup                    "
"IM4       ","x"," ",   -999.000    ,"(gDM/m3)            ","inorganic matter (IM4)                            ","volume    ","volume    ","x","DummyGroup                    "
"IM5       ","x"," ",   -999.000    ,"(gDM/m3)            ","inorganic matter (IM5)                            ","volume    ","volume    ","x","DummyGroup                    "
"IM6       ","x"," ",   -999.000    ,"(gDM/m3)            ","inorganic matter (IM6)                            ","volume    ","volume    ","x","DummyGroup                    "
"EmisWBOD  ","x"," ",   -999.000    ,"(g/s)               ","emissions to water of BOD                         ","volume    ","volume    "," ","                              "
"nUSEBOD   ","x"," ",    1.00000    ,"(-)                 ","nr of USEFORS actually used                       ","volume    ","volume    "," ","                              "
"BODtoCBODu","x"," ",    1.00000    ,"(-)                 ","USEFOR constant                                   ","volume    ","volume    "," ","                              "
"dummyUSEF ","x"," ",    0.00000    ,"(-)                 ","USEFOR constant                                   ","volume    ","volume    "," ","                              "
"dEBODu    ","x"," ",   -999.000    ,"(g/d)               ","Emission flux                                     ","volume    ","volume    "," ","                              "
"CBODu     ","x"," ",   -999.000    ,"(gO2/m3)            ","carbonaceous BOD ultimate                         ","volume    ","volume    ","x","DummyGroup                    "
"EmisWTNI  ","x"," ",   -999.000    ,"(g/s)               ","emissions to water of total nitrogen              ","volume    ","volume    "," ","                              "
"nUSETNI   ","x"," ",    5.00000    ,"(-)                 ","nr of USEFORS actually used                       ","volume    ","volume    "," ","                              "
"TNItoNH4  ","x"," ",    0.00000    ,"(-)                 ","USEFOR constant                                   ","volume    ","volume    "," ","                              "
"TNItoNO3  ","x"," ",    0.00000    ,"(-)                 ","USEFOR constant                                   ","volume    ","volume    "," ","                              "
"TNItoPON1 ","x"," ",    0.00000    ,"(-)                 ","USEFOR constant                                   ","volume    ","volume    "," ","                              "
"TNItoPON2 ","x"," ",    0.00000    ,"(-)                 ","USEFOR constant                                   ","volume    ","volume    "," ","                              "
"TNItoDON  ","x"," ",    0.00000    ,"(-)                 ","USEFOR constant                                   ","volume    ","volume    "," ","                              "
"dENH4     ","x"," ",   -999.000    ,"(g/d)               ","Emission flux                                     ","volume    ","volume    "," ","                              "
"dENO3     ","x"," ",   -999.000    ,"(g/d)               ","Emission flux                                     ","volume    ","volume    "," ","                              "
"dEPON1    ","x"," ",   -999.000    ,"(g/d)               ","Emission flux                                     ","volume    ","volume    "," ","                              "
"dEPON2    ","x"," ",   -999.000    ,"(g/d)               ","Emission flux                                     ","volume    ","volume    "," ","                              "
"dEDON     ","x"," ",   -999.000    ,"(g/d)               ","Emission flux                                     ","volume    ","volume    "," ","                              "
"NH4       ","x"," ",   -999.000    ,"(gN/m3)             ","Ammonium (NH4)                                    ","volume    ","volume    ","x","DummyGroup                    "
"NO3       ","x"," ",   -999.000    ,"(gN/m3)             ","Nitrate (NO3)                                     ","volume    ","volume    ","x","DummyGroup                    "
"PON1      ","x"," ",   -999.000    ,"(gN/m3)             ","PON1 (fast decomposing fraction)                  ","volume    ","volume    ","x","DummyGroup                    "
"PON2      ","x"," ",   -999.000    ,"(gN/m3)             ","PON2 (medium decomposing fraction)                ","volume    ","volume    ","x","DummyGroup                    "
"DON       ","x"," ",   -999.000    ,"(gN/m3)             ","Dissolved Organic Nitrogen (DON)                  ","volume    ","volume    ","x","DummyGroup                    "
"EmisWTPH  ","x"," ",   -999.000    ,"(g/s)               ","emissions to water of total phosphorus            ","volume    ","volume    "," ","                              "
"nUSETPH   ","x"," ",    5.00000    ,"(-)                 ","nr of USEFORS actually used                       ","volume    ","volume    "," ","                              "
"TPHtoPO4  ","x"," ",    0.00000    ,"(-)                 ","USEFOR constant                                   ","volume    ","volume    "," ","                              "
"TPHtoAAP  ","x"," ",    0.00000    ,"(-)                 ","USEFOR constant                                   ","volume    ","volume    "," ","                              "
"TPHtoPOP1 ","x"," ",    0.00000    ,"(-)                 ","USEFOR constant                                   ","volume    ","volume    "," ","                              "
"TPHtoPOP2 ","x"," ",    0.00000    ,"(-)                 ","USEFOR constant                                   ","volume    ","volume    "," ","                              "
"TPHtoDOP  ","x"," ",    0.00000    ,"(-)                 ","USEFOR constant                                   ","volume    ","volume    "," ","                              "
"dEPO4     ","x"," ",   -999.000    ,"(g/d)               ","Emission flux                                     ","volume    ","volume    "," ","                              "
"dEAAP     ","x"," ",   -999.000    ,"(g/d)               ","Emission flux                                     ","volume    ","volume    "," ","                              "
"dEPOP1    ","x"," ",   -999.000    ,"(g/d)               ","Emission flux                                     ","volume    ","volume    "," ","                              "
"dEPOP2    ","x"," ",   -999.000    ,"(g/d)               ","Emission flux                                     ","volume    ","volume    "," ","                              "
"dEDOP     ","x"," ",   -999.000    ,"(g/d)               ","Emission flux                                     ","volume    ","volume    "," ","                              "
"PO4       ","x"," ",   -999.000    ,"(gP/m3)             ","Ortho-Phosphate (PO4)                             ","volume    ","volume    ","x","DummyGroup                    "
"AAP       ","x"," ",   -999.000    ,"(gP/m3)             ","adsorbed ortho phosphate                          ","volume    ","volume    ","x","DummyGroup                    "
"POP1      ","x"," ",   -999.000    ,"(gP/m3)             ","POP1 (fast decomposing fraction)                  ","volume    ","volume    ","x","DummyGroup                    "
"POP2      ","x"," ",   -999.000    ,"(gP/m3)             ","POP2 (medium decomposing fraction)                ","volume    ","volume    ","x","DummyGroup                    "
"DOP       ","x"," ",   -999.000    ,"(gP/m3)             ","Dissolved Organic Phosphorus (DOP)                ","volume    ","volume    ","x","DummyGroup                    "
"EmisWTSS  ","x"," ",   -999.000    ,"(g/s)               ","emissions to water of total susp solids           ","volume    ","volume    "," ","                              "
"nUSETSS   ","x"," ",    3.00000    ,"(-)                 ","nr of USEFORS actually used                       ","volume    ","volume    "," ","                              "
"TSStoIM1  ","x"," ",    0.00000    ,"(-)                 ","USEFOR constant                                   ","volume    ","volume    "," ","                              "
"TSStoIM2  ","x"," ",    0.00000    ,"(-)                 ","USEFOR constant                                   ","volume    ","volume    "," ","                              "
"TSStoIM3  ","x"," ",    0.00000    ,"(-)                 ","USEFOR constant                                   ","volume    ","volume    "," ","                              "
"dEIM1     ","x"," ",   -999.000    ,"(g/d)               ","Emission flux                                     ","volume    ","volume    "," ","                              "
"dEIM2     ","x"," ",   -999.000    ,"(g/d)               ","Emission flux                                     ","volume    ","volume    "," ","                              "
"dEIM3     ","x"," ",   -999.000    ,"(g/d)               ","Emission flux                                     ","volume    ","volume    "," ","                              "
"EmisWCOL  ","x"," ",   -999.000    ,"(g/s)               ","emissions to water of coliform bacteria           ","volume    ","volume    "," ","                              "
"nUSECOL   ","x"," ",    3.00000    ,"(-)                 ","nr of USEFORS actually used                       ","volume    ","volume    "," ","                              "
"COLtoEColi","x"," ",    0.00000    ,"(-)                 ","USEFOR constant                                   ","volume    ","volume    "," ","                              "
"COLtoFColi","x"," ",    0.00000    ,"(-)                 ","USEFOR constant                                   ","volume    ","volume    "," ","                              "
"COLtoTColi","x"," ",    0.00000    ,"(-)                 ","USEFOR constant                                   ","volume    ","volume    "," ","                              "
"dEEColi   ","x"," ",   -999.000    ,"(g/d)               ","Emission flux                                     ","volume    ","volume    "," ","                              "
"dEFColi   ","x"," ",   -999.000    ,"(g/d)               ","Emission flux                                     ","volume    ","volume    "," ","                              "
"dETColi   ","x"," ",   -999.000    ,"(g/d)               ","Emission flux                                     ","volume    ","volume    "," ","                              "
"EColi     ","x"," ",   -999.000    ,"(MPN/m3)            ","E. Coli bacteria                                  ","volume    ","volume    ","x","DummyGroup                    "
"FColi     ","x"," ",   -999.000    ,"(MPN/m3)            ","Faecal coli bacteria                              ","volume    ","volume    ","x","DummyGroup                    "
"TColi     ","x"," ",   -999.000    ,"(MPN/m3)            ","Total coli bacteria                               ","volume    ","volume    ","x","DummyGroup                    "
"EmisWTRA  ","x"," ",   -999.000    ,"(g/s)               ","emissions to water of tracer                      ","volume    ","volume    "," ","                              "
"nUSETRA   ","x"," ",    4.00000    ,"(-)                 ","nr of USEFORS actually used                       ","volume    ","volume    "," ","                              "
"TRAtocTR1 ","x"," ",    0.00000    ,"(-)                 ","USEFOR constant                                   ","volume    ","volume    "," ","                              "
"TRAtodTR1 ","x"," ",    0.00000    ,"(-)                 ","USEFOR constant                                   ","volume    ","volume    "," ","                              "
"TRAtocTR2 ","x"," ",    0.00000    ,"(-)                 ","USEFOR constant                                   ","volume    ","volume    "," ","                              "
"TRAtodTR2 ","x"," ",    0.00000    ,"(-)                 ","USEFOR constant                                   ","volume    ","volume    "," ","                              "
"dEcTR1    ","x"," ",   -999.000    ,"(g/d)               ","Emission flux                                     ","volume    ","volume    "," ","                              "
"dEdTR1    ","x"," ",   -999.000    ,"(g/d)               ","Emission flux                                     ","volume    ","volume    "," ","                              "
"dEcTR2    ","x"," ",   -999.000    ,"(g/d)               ","Emission flux                                     ","volume    ","volume    "," ","                              "
"dEdTR2    ","x"," ",   -999.000    ,"(g/d)               ","Emission flux                                     ","volume    ","volume    "," ","                              "
"cTR1      ","x"," ",   -999.000    ,""(g/m3)             ","Conservative Tracer Source 1                      ","volume    ","volume    ","x","DummyGroup                    "
"dTR1      ","x"," ",   -999.000    ,"(g/m3)              ","Decayable Tracer Source 1                         ","volume    ","volume    ","x","DummyGroup                    "
"cTR2      ","x"," ",   -999.000    ,"(g/m3)              ","Conservative Tracer Source 2                      ","volume    ","volume    ","x","DummyGroup                    "
"dTR2      ","x"," ",   -999.000    ,"(g/m3)              ","Decayable Tracer Source 2                         ","volume    ","volume    ","x","DummyGroup                    "
